Primarily applies to the private sector,BERT_topic0,BERT_topic1,BERT_topic2,BERT_topic3,BERT_topic4,BERT_topic5,BERT_topic6,BERT_topic7,Authority_blue_state,Authority_federal_legislative,Authority_purple_state,Authority_red_state,enacted_binary,months_after_2019_02_11
0,0.1615582374805965,0.0510159918268155,0.1319999493725219,0.0450705843073808,0.0771858941405433,0.1493675563305279,0.07192616947439,0.1225086083706315,0,1,0,0,0,54
0,1.4829245096591645e-308,8.590084530322194e-309,1.096042959388635e-308,1.1905036776704036e-308,2.261264773553326e-308,1.2510809107690237e-308,1.0,1.8977011793144377e-308,0,0,0,1,1,66
1,0.0194991673793158,0.0123196795116508,0.0141241530124868,0.0296139889450118,0.8199922749060746,0.0176646367396651,0.0324037219498893,0.0391182819760703,1,0,0,0,0,48
0,0.0406148350619782,0.0303833294144824,0.0296552275673998,0.2074478350085208,0.114806983305435,0.0369284435218428,0.0572021334125645,0.0652917273587713,1,0,0,0,1,68
0,2.5454800624492473e-308,1.1972397917879224e-308,1.2541906590581533e-308,1.5786286514673705e-308,4.1043547551769777e-308,2.0299061623676253e-308,2.304329533924954e-308,1.0,1,0,0,0,1,65
0,0.0436192592191204,0.0329899973919953,0.0318293347730492,0.2671403241766139,0.1234342025308867,0.0398931300182873,0.061378998283763,0.0703683841676178,1,0,0,0,1,54
0,0.036317974379247,0.0273599492302617,0.0262002993087981,0.1727437719486647,0.137153181190155,0.0338377001392581,0.0520590813441988,0.0644741737209232,1,0,0,0,1,66
0,0.0395835671003759,0.0297249275182871,0.0290314400594953,0.202409840694446,0.1090718903922031,0.0360184111532489,0.0554836411380884,0.0629864113055791,0,0,0,1,1,61
0,0.0343020258661203,0.0281128620409993,0.0252740354460465,0.2545010565523161,0.1020125736790394,0.0331816384800233,0.0458070974298227,0.0579124318608543,0,0,1,0,0,50
0,0.045863347690114,0.0343014755212336,0.0330734007057411,0.2579290502463423,0.1386572622985187,0.0418422776581593,0.0655167253680628,0.0760102183630391,0,0,0,1,1,61
0,8.45108438898569e-309,7.016289420795053e-309,6.29200712939376e-309,1.0,2.035131773234882e-308,8.061475952309996e-309,1.1233659379952733e-308,1.314304321218428e-308,0,0,0,1,1,63
0,8.20071482942074e-309,7.050650265203714e-309,6.14696293062009e-309,1.0,1.821916596862992e-308,7.92151567024304e-309,1.0661455649533696e-308,1.2453854540092744e-308,1,0,0,0,1,65
0,2.4308916341212145e-308,1.1725772866317913e-308,1.27579275537461e-308,1.556146412772658e-308,3.77992965100973e-308,2.0551019234219693e-308,2.2406789149553695e-308,1.0,0,0,0,1,1,52
0,0.1720867450559069,0.0514724003556783,0.1236402237427833,0.0463459735216572,0.0803594787237402,0.1425341624213246,0.0741335412469658,0.1279912914648495,0,0,0,1,1,61
0,0.1599000715450955,0.1148139422942667,0.0776219867829133,0.0484211219977254,0.0739864432950817,0.2437866358781649,0.073336293447754,0.1925248251687306,0,1,0,0,0,62
0,0.0503731584663445,0.0387391472007147,0.0367247060372494,0.4098054454643679,0.1533974187863278,0.0469179375684008,0.0707012500725103,0.0842185734052758,0,0,0,1,1,63
0,1.416750331205154e-308,8.7610363020854e-309,9.883590709923277e-309,2.1885764249183077e-308,1.0,1.2631085084456957e-308,2.177942152248916e-308,3.1077931444804825e-308,1,0,0,0,1,56
0,1.2165062273988596e-308,1.0,8.839200646942916e-309,7.3457986272023e-309,9.25297322805864e-309,1.6801795170028547e-308,8.44743609603674e-309,1.5186315633513393e-308,0,0,0,0,1,69
1,1.383407154151056e-308,9.00679431094884e-309,9.69715002733043e-309,2.3618159542461905e-308,1.0,1.2497786543645685e-308,2.080638005544051e-308,2.8448756958783927e-308,1,0,0,0,1,64
1,0.0460564336249815,0.2949570040308662,0.0321934848002342,0.0250336288499714,0.0325499979807805,0.063464162424317,0.0317820637012234,0.0550972089421418,1,0,0,0,0,68
0,1.1574900128355924e-308,1.0,8.75054770202325e-309,7.283148590225155e-309,9.087858444976646e-309,1.6073433750677564e-308,8.258627050940585e-309,1.4498615723714174e-308,0,0,0,0,1,57
0,0.0290597077199042,0.0235393995687369,0.0216322590000313,0.5118718967470358,0.0705074401574933,0.0273299108128951,0.0394530445911651,0.044811912546337,0,0,0,1,1,65
0,0.0430972209157361,0.0327673447102526,0.0315754288487796,0.2745413797916483,0.1189614146271499,0.0394780596519873,0.0604430310094271,0.0688777146546799,1,0,0,0,1,56
0,8.245031478517886e-309,6.924440042356337e-309,6.17591731699376e-309,1.0,1.9086410720152376e-308,7.89164346407975e-309,1.0923205862073046e-308,1.2619712736548137e-308,1,0,0,0,1,54
0,1.5842053937387316e-308,8.81368524043215e-309,1.1711522351436517e-308,1.1509148538302844e-308,2.2515642625409145e-308,1.3327544838418755e-308,1.0,1.9853707666452665e-308,0,1,0,0,0,70
0,0.2204680828948713,0.0487209859257351,0.1012424649753193,0.0432617575628064,0.0746099412262252,0.1186521997943664,0.0695395719940438,0.1299949319453499,0,0,0,1,1,63
0,0.1752586003836322,0.0539568100981161,0.0963872174647992,0.0506674213962379,0.0905898747906872,0.1300752805961136,0.0732718647585908,0.1483567470447286,1,0,0,0,1,63
0,2.9601660084917373e-308,1.960747569487133e-308,2.0402807291827456e-308,9.521487000550087e-309,1.478663810536803e-308,1.0,1.377200631830697e-308,3.839560694780779e-308,0,1,0,0,0,63
0,3.4086212201898667e-308,1.386215588269369e-308,1.362057879667628e-308,1.3677743028105084e-308,2.9742210902889687e-308,2.538972117836593e-308,2.005729103240019e-308,1.0,0,1,0,0,0,61
0,0.0289593232159709,0.0252855991077888,0.021399937912914,0.3325691647801727,0.070289351614284,0.0285238734228812,0.0367572293147957,0.0464286960504334,0,1,0,0,0,61
0,0.1537436292940492,0.0519575300421292,0.1058234624051099,0.0444342721454464,0.0784117457540764,0.157880301094147,0.0692865262361574,0.1426833763766027,0,1,0,0,0,66
1,0.0478629781224635,0.0370773588382982,0.0348319034426216,0.4473761570668702,0.1337589579400511,0.0443392798705401,0.0673927527782403,0.0777159052144902,0,1,0,0,0,60
0,0.039258033499013,0.0241906920616182,0.0284440873854132,0.0556586501222895,0.4864647836527134,0.035224936973291,0.0736714449277376,0.0762322665758428,0,0,0,0,1,44
0,0.0409176925142605,0.0309385255016197,0.0299996643620901,0.2329899824903834,0.1125778108038644,0.0373582975846904,0.057271366863716,0.0651921579654259,0,0,0,1,1,60
0,0.0180753045443544,0.0106859927995398,0.0127950690532996,0.015953154296696,0.0311503882983509,0.0150721471228409,0.8114940018507886,0.0246444855602284,1,0,0,0,1,68
0,2.470444134015074e-308,1.16642501672409e-308,1.260626001368693e-308,1.485485146665237e-308,3.2233451284151423e-308,2.0296207841202305e-308,1.947094950031019e-308,1.0,0,0,0,1,1,64
0,1.3822840261204787e-308,8.82923348648248e-309,9.795193885461457e-309,2.2601354517100725e-308,1.0,1.2449516709475775e-308,2.163090415343251e-308,2.8403220548779596e-308,1,0,0,0,1,64
0,8.174745675862545e-309,7.089950573304636e-309,6.154719202735166e-309,1.0,1.8036336366018205e-308,7.94088173137576e-309,1.053808924129336e-308,1.2401483651807336e-308,0,0,0,1,1,68
0,1.3978913124059398e-308,8.874971889786785e-309,9.671406165687727e-309,2.3688043316409575e-308,1.0,1.2547865088310815e-308,2.054036808308248e-308,3.07520223639248e-308,0,0,1,0,1,65
0,0.0371127932448551,0.0219337183688785,0.0237478186583002,0.0463079168864126,0.6250189867692276,0.0321422892048318,0.0513084831417004,0.0996703359275845,1,0,0,0,1,52
0,8.656460176375413e-309,7.245903165660197e-309,6.44905441960711e-309,1.0,2.1403209021778876e-308,8.3216296420177e-309,1.1424993809592214e-308,1.3652661086065753e-308,0,0,1,0,1,64
0,8.43738765903402e-309,7.17645649450104e-309,6.26118902274342e-309,1.0,1.9289138270443437e-308,8.111497592621766e-309,1.1096077493593634e-308,1.299152475883533e-308,0,0,0,1,1,62
0,0.0197244719722079,0.0167611559627731,0.0149162934941713,0.7489093334013612,0.0440712052190522,0.018958135452651,0.0259794177696905,0.0296915004450862,1,0,0,0,1,62
0,0.4430461620532092,0.0328610837195253,0.0575815436624988,0.0247777779527821,0.0396155912055797,0.0747322409112378,0.0372000229056537,0.0873669622091112,0,1,0,0,0,68
0,0.0408758233009833,0.0298875038155332,0.0293863732711809,0.1761565049232332,0.1391276161600524,0.0371257306755146,0.0594598135202044,0.0697995889115692,1,0,0,0,1,68
0,0.0242893083661112,0.0197500876250158,0.018048504570455,0.6608715195853123,0.0601657236846898,0.0228959952560901,0.0324011727828234,0.0378250019255341,0,0,1,0,1,66
0,8.519346874089906e-309,7.276210890956294e-309,6.342476056721403e-309,1.0,1.986931331049072e-308,8.226627013379565e-309,1.106092942106232e-308,1.3221584461838356e-308,1,0,0,0,1,65
0,8.274165784509034e-309,6.97377245163892e-309,6.20599643603264e-309,1.0,1.925777693462873e-308,7.94288098454961e-309,1.082291164325826e-308,1.2716091645020913e-308,0,0,1,0,1,66
0,3.832247550254465e-308,1.67416566551091e-308,1.408366005942542e-308,1.243865880379343e-308,2.3774112013026623e-308,3.135935217570679e-308,1.735736150070821e-308,1.0,0,1,0,0,0,70
0,8.551354173610943e-309,7.26007673043325e-309,6.34631756660182e-309,1.0,2.0052802624360366e-308,8.23170884857904e-309,1.1167127801093618e-308,1.3302278110839975e-308,0,0,0,1,1,61
0,3.9405356512949574e-308,1.644888518853562e-308,1.3851511230105465e-308,1.252052478452315e-308,2.3985888973830793e-308,3.0219485583121035e-308,1.7614486310676627e-308,1.0,0,1,0,0,0,70
0,0.014318141161066,0.0119560319243052,0.0107415630815779,0.8573291240275004,0.0330458954680348,0.0136602332180833,0.0190743646977094,0.0218166633312079,0,0,0,1,1,65
0,0.4466973518688652,0.0327561340165077,0.054819082613993,0.025477682016458,0.0415439304209259,0.0738526685422518,0.0393029804003698,0.0942225994566751,0,0,0,1,1,63
0,8.450471829942057e-309,7.00935481146514e-309,6.334259775781353e-309,1.0,2.079968118660429e-308,8.082258958585995e-309,1.120158081000892e-308,1.3193208648814136e-308,0,0,1,0,1,64
0,2.7778212715881415e-308,1.25425356516247e-308,1.27926407980223e-308,1.475775318741733e-308,3.2758267375387228e-308,2.1955611548883433e-308,2.052891225474821e-308,1.0,0,0,1,0,1,63
0,1.550838549378226e-308,9.97219435304604e-309,1.0078574129914844e-308,2.2423371714141694e-308,1.0,1.3856582256886346e-308,2.0511591555210253e-308,3.6447171012063524e-308,0,1,0,0,0,69
0,0.0127327210514661,0.0109388634302494,0.0095498105600028,0.8110202064464324,0.0278218518244017,0.012294109046532,0.0167063541093843,0.0192137988842923,0,0,1,0,1,63
0,0.0476449658482054,0.0366348550766403,0.0349386879526888,0.3796279316650227,0.1304710854103915,0.0438810445570706,0.0664233661289588,0.076133759318972,0,0,0,1,1,66
0,0.1765788823876578,0.0519058905468084,0.1178631985453646,0.0468285478574333,0.0810166063710895,0.1401080811781455,0.0730317831414809,0.131230826504926,0,0,0,1,1,50
0,0.0395316636974582,0.0289128529122057,0.0284304993776049,0.1610359234745347,0.1526951650044432,0.0361943530633022,0.0586227008644302,0.0696197619347857,0,0,0,1,1,63
0,0.0385792088117743,0.0281737480955506,0.0276138654873882,0.1521653665836385,0.1509788933532078,0.0353272764707528,0.0573327970366119,0.0685647898113855,1,0,0,0,1,68
0,0.0494253349976185,0.0273762909157923,0.565635280727792,0.0212717700630521,0.0302594978732357,0.0525285799859311,0.034383022523295,0.0379206286544794,1,0,0,0,1,66
0,0.4874007078174107,0.0433627372731642,0.0618930352731688,0.0260514456483528,0.0388497866442863,0.0888781875499596,0.0384894597091908,0.0864867511206594,0,0,0,0,1,48
0,1.218256795178665e-308,1.0,8.865014795457113e-309,7.455837012447466e-309,9.40485254633829e-309,1.6826464777762107e-308,8.52194851172426e-309,1.541095771901211e-308,0,0,0,0,1,62
1,0.0341426673094653,0.0273023507227483,0.0249955914185291,0.5272926248224518,0.0918791198934422,0.0321438688855055,0.0464576694890283,0.0552625329820052,0,0,0,1,1,62
0,0.0201043304955099,0.0164587576942017,0.0150000822159778,0.6994761635030985,0.0491539370574136,0.0190464253156827,0.0270457534702726,0.0311900782438208,0,0,1,0,1,62
0,0.0246734838050159,0.0212738747515952,0.0182798652517743,0.5752291106052504,0.0598947848151782,0.0240882600204088,0.0317834480051645,0.0392305021843674,1,0,0,0,1,61
0,0.0423201381028582,0.0320846167443715,0.030971208447176,0.2588912768579061,0.1176530040698466,0.0387134937344002,0.0593441839274514,0.0677755818806533,1,0,0,0,1,52
0,8.513798727609056e-309,7.31710436692797e-309,6.327276303421597e-309,1.0,1.973287495793311e-308,8.21529108841681e-309,1.0944501674726395e-308,1.314967915957592e-308,1,0,0,0,1,58
0,0.0203873109960836,0.0175391129672747,0.0151140818070576,0.7477179294059066,0.0489415615647599,0.0198493294156075,0.0263585635951724,0.0322238913501138,1,0,0,0,1,58
0,0.0432391676708163,0.0263064684613593,0.0304334497669764,0.0427716940709842,0.0865629501812907,0.0364525686520341,0.4098729884828784,0.0635784567143979,1,0,0,0,1,68
0,1.136147633189595e-308,1.0,8.630161760601897e-309,7.10375554696712e-309,8.82758014789649e-309,1.5685442487649216e-308,8.273672780331163e-309,1.3918200358085827e-308,0,0,0,0,1,48
0,0.0303927943063843,0.0243767356765725,0.0225339131903215,0.5449011179491893,0.0826453337869651,0.028750973464614,0.04150591267253,0.0489518924389972,0,1,0,0,0,66
0,2.6639920155411757e-308,1.77398770798186e-308,2.2211133998368584e-308,9.372418530978216e-309,1.427537000045282e-308,1.0,1.325753056780423e-308,3.1742917596678607e-308,0,1,0,0,0,67
0,0.2562428785104759,0.0716784487544498,0.115844000267896,0.0453750034139592,0.0649024997642672,0.1268783891669554,0.0704192010684464,0.114479986751768,0,1,0,0,0,64
0,0.2348891426768434,0.0496309526784908,0.1042043363111249,0.0422801774976476,0.0707063849016507,0.1244250192756996,0.0640525114670543,0.1283752917243944,0,1,0,0,0,68
0,1.5675718784033526e-308,8.18530577506364e-309,1.0,6.056725272950475e-309,8.678356672188866e-309,1.6753824464655726e-308,9.61169038010138e-309,1.150988039764087e-308,0,1,0,0,0,65
0,0.0354265422660072,0.0188894092406341,0.7416550981170952,0.0140572332876331,0.0203452390834468,0.0407356000551947,0.0219722294719678,0.026970241459934,0,0,0,0,0,67
0,8.567775563328495e-309,7.412571697427326e-309,6.41927262045098e-309,1.0,2.001819630206414e-308,8.364156233262186e-309,1.1038053348127943e-308,1.3346163027086657e-308,0,0,0,0,1,68
0,0.0384403935874049,0.0250659414691511,0.026609681096326,0.0750957115563194,0.5420196606286424,0.0347861035142797,0.0586613839318589,0.0816880088212038,1,0,0,0,1,68
0,0.1781667098920295,0.0844726094833083,0.086356681762008,0.0421303641538117,0.0652803478010853,0.2948692229569915,0.0671059211510043,0.1660094632094933,0,1,0,0,0,64
0,1.0,1.277273464740744e-308,1.373636594816069e-308,9.43389118570381e-309,1.5828499448823176e-308,2.3451901268267833e-308,1.6099912233805006e-308,4.3248979960254574e-308,0,1,0,0,0,65
0,0.0300896364302354,0.0252975111555598,0.0219861810127735,0.6829880763034272,0.0724069191309531,0.0289432145280275,0.0402568992018853,0.0478931544896796,0,1,0,0,0,65
0,1.0,1.251580350733788e-308,1.46648456831678e-308,9.274160262463284e-309,1.5496697356338624e-308,2.4691858494133134e-308,1.51336060108569e-308,4.579616623515776e-308,0,1,0,0,0,64
0,0.0758462166147824,0.0425116632367113,0.0347357892512781,0.0272273788662753,0.0496919471075516,0.0941169836822859,0.038977409098177,0.5527736814448769,0,1,0,0,0,57
0,0.5209113157966219,0.0483229203003251,0.0693325821221583,0.0295573257380253,0.0455351467779024,0.1086601417754285,0.0431179698512874,0.1159354746693663,0,1,0,0,0,63
0,1.1656828931468963e-308,1.0,8.901777106596483e-309,7.171523708813546e-309,8.975620441607444e-309,1.6724923993321217e-308,8.354312198144426e-309,1.452658498980933e-308,0,0,0,0,1,69
0,0.0310501353835094,0.5749065471499948,0.0217001990796237,0.0189363346655295,0.0239428522240629,0.0415956364933382,0.0215087237027563,0.0395657890363349,0,0,0,0,1,68
1,0.0184921803868329,0.0108868318026332,0.0130432440610368,0.0162377699167805,0.0320720310907752,0.0153886918038389,0.8251083775168208,0.0253372207281699,0,0,0,1,0,65
1,1.38572084643266e-308,8.798505849150803e-309,9.86280974441966e-309,2.196538293678814e-308,1.0,1.2453432669943713e-308,2.2020066600187927e-308,2.81432531912174e-308,1,0,0,0,0,47
1,0.0503270980863971,0.0337986761553328,0.0328164600921907,0.0898470082959199,0.5005161826217722,0.0456315235022347,0.0669746784473599,0.1150448952602617,1,0,0,0,0,65
0,2.485676611826855e-308,1.195252451619153e-308,1.2357835225259256e-308,1.5427159132059346e-308,3.41481175438565e-308,2.04609127838584e-308,2.088691533919272e-308,1.0,0,0,0,1,1,2
1,1.51490197740491e-308,8.674900407035306e-309,1.1115416411413456e-308,1.1873057119422596e-308,2.2865406763523263e-308,1.273491407067649e-308,1.0,1.939003192027209e-308,0,0,1,0,1,25
1,0.0356121567971985,0.0296290953827342,0.0257637741338985,0.4455801476665912,0.0878264405063033,0.0341675055397065,0.0484938978166002,0.0576162632987397,0,1,0,0,0,52
0,4.023324868124078e-308,1.5692987258758253e-308,1.431188323774975e-308,1.2486224003713584e-308,2.445107799948242e-308,3.138254913612e-308,1.881891670371249e-308,1.0,0,1,0,0,0,56
0,0.0478554214395586,0.0324483174920053,0.0306977909556011,0.0794888263995284,0.4351399064434721,0.0436240303365089,0.060940870742952,0.111475022779924,0,1,0,0,0,59
0,0.0634093587298668,0.0343300392151461,0.484427040898612,0.0265095130596976,0.0386920227151859,0.0740882770552381,0.0446032103384127,0.0499715043099596,0,1,0,0,0,48
0,2.736010588810235e-308,1.234045918726203e-308,1.302474236060283e-308,1.415339345805967e-308,2.905983370172762e-308,2.2160942616418786e-308,1.8873340983199016e-308,1.0,0,1,0,0,0,53
0,2.711249268700485e-308,1.812146467147249e-308,2.160902431730455e-308,9.38515602893738e-309,1.4311042578869765e-308,1.0,1.3332616273600484e-308,3.266577146233122e-308,0,1,0,0,0,51
0,0.0315435913215453,0.5819334661454022,0.024814162188838,0.0194167476530763,0.0247444241506583,0.0471961556829701,0.0226825411899532,0.0406350488149414,0,1,0,0,0,57
0,1.7193033065745994e-308,9.184429605757255e-309,1.2225220497760857e-308,1.1372630582854084e-308,2.26994290797873e-308,1.4266887569541066e-308,1.0,2.120308500313244e-308,0,1,0,0,0,52
0,0.1114106138256037,0.0584939482742332,0.0684431342230053,0.0297122068166157,0.0455978720195697,0.4999511835884305,0.0431879697550019,0.1150422915867833,0,1,0,0,0,52
1,0.0437154422006163,0.0291319081938357,0.0286208667858716,0.057280181224102,0.4748298777849474,0.0412695530647978,0.0634908945872798,0.1013812472124327,0,1,0,0,0,51
0,2.9241238475238855e-308,1.2797867783429206e-308,1.334809789199644e-308,1.390548341727352e-308,2.8727782656211057e-308,2.3947397915449683e-308,2.003285688012599e-308,1.0,0,1,0,0,0,63
1,0.0495145153402279,0.0333812242159105,0.0319477625408395,0.0852417493025885,0.4669597108472854,0.0449913719559062,0.0646071541333764,0.1148661629942654,0,1,0,0,0,62
1,1.6055827674344784e-308,1.022243129060214e-308,1.0424578697225625e-308,2.1357351607698443e-308,1.0,1.460184654020672e-308,2.3513440637249517e-308,3.9276336479649655e-308,0,1,0,0,0,62
0,2.8205126172027296e-308,1.90051496826898e-308,2.016315018190578e-308,9.710202868266963e-309,1.511698294509272e-308,1.0,1.40857615098056e-308,3.825601306861105e-308,0,1,0,0,0,61
0,2.4259968968181154e-308,1.7441333702326293e-308,2.26866711201259e-308,9.11247422428541e-309,1.3549326132669567e-308,1.0,1.271696317352524e-308,2.753767475309532e-308,0,1,0,0,0,61
0,2.5879992918404566e-308,1.743760375981844e-308,2.244285585864942e-308,8.950971031111914e-309,1.329049640251807e-308,1.0,1.265824901516537e-308,2.751532798703805e-308,0,1,0,0,0,61
0,2.2927954514796637e-308,1.7373129506187517e-308,2.298276931132988e-308,9.08489546529657e-309,1.342120738239681e-308,1.0,1.25996487190529e-308,2.6456661628981402e-308,0,1,0,0,0,61
0,1.4754283434729504e-308,9.08098340466739e-309,1.036276174295542e-308,2.0013441266400335e-308,1.0,1.316662363493724e-308,2.4692794001398597e-308,3.0577832921743906e-308,1,0,0,0,0,65
0,0.0349124352213753,0.0208038172329367,0.0225800272000746,0.0451462698901843,0.689860090201088,0.0303695407243329,0.0489434170271644,0.0910823805492774,1,0,0,0,0,65
0,1.486547809853437e-308,9.2991516496448e-309,1.0102015514095984e-308,2.1786235285646403e-308,1.0,1.324051828978963e-308,2.26831948089431e-308,3.302769388901923e-308,1,0,0,0,0,49
0,0.0492264325404396,0.0330625356093489,0.0317160366953016,0.0832126075940286,0.4934331742810457,0.044685082993198,0.0645107275261441,0.1148110308772214,1,0,0,0,0,47
0,8.526980122004845e-309,7.275595553934255e-309,6.31741505108861e-309,1.0,1.960016159229862e-308,8.217142353034044e-309,1.116819551510617e-308,1.3199256983482517e-308,1,0,0,0,0,51
0,0.0547405498348291,0.0312660635932025,0.0381056104747702,0.0635670634255057,0.3281382813824814,0.048233172332828,0.092684508824513,0.1277426875216604,1,0,0,0,0,55
0,2.484130297492429e-308,1.1574833451263237e-308,1.2381869951117713e-308,1.499144372512519e-308,3.2938126937522375e-308,1.9741416172930487e-308,1.9540777400883806e-308,1.0,1,0,0,0,0,53
0,0.0840275607274189,0.0385911088705211,0.0461864471048025,0.047438735350134,0.1020127779515897,0.0712775079370864,0.0642583650421291,0.4585228071917896,0,0,1,0,0,50
0,0.0617777297143132,0.0297527957153354,0.0333250651410135,0.0412382221530751,0.0931662811588828,0.0510381045751692,0.0549224578415046,0.547187899568945,0,0,1,0,0,49
0,1.6597622332502373e-308,9.09468339945876e-309,1.1589682571337867e-308,1.237242544608634e-308,2.647713395687444e-308,1.3788812291590927e-308,1.0,2.310008973322662e-308,0,0,1,0,0,52
0,1.3853989594405863e-308,8.800478265751803e-309,9.838098540345837e-309,2.2288744884976864e-308,1.0,1.246450769376911e-308,2.147211480416472e-308,2.8589982459822736e-308,1,0,0,0,0,65
0,2.6456902052422727e-308,1.212887224844948e-308,1.2869803542121276e-308,1.4621473270137877e-308,3.16051250649551e-308,2.1420567561227014e-308,1.9661698074564725e-308,1.0,0,0,0,1,1,26
0,0.0482307606959541,0.028494407302359,0.0338676047992498,0.0616382625757499,0.3872973483150187,0.0431370329083332,0.0712047364305501,0.1149815543129105,1,0,0,0,1,4
0,0.1088274483926107,0.0498110335744797,0.0489456603510418,0.0402891954594817,0.0798540344100996,0.1100903084702865,0.0583558175126742,0.4356647379219941,1,0,0,0,1,35
0,0.5426755694824913,0.0430274801621934,0.0615983276700667,0.0269778577915141,0.0419010239638287,0.0965396342825584,0.0395203695437504,0.1095717809516765,0,1,0,0,0,57
0,0.0734096983364155,0.0366454379202616,0.0476602595695361,0.0398315785986739,0.0756066186513336,0.058797260724515,0.385913985911882,0.079708051001463,0,1,0,0,0,53
0,1.66537566303577e-308,9.03499503786598e-309,1.1849446225745522e-308,1.176301021354633e-308,2.408617831763153e-308,1.380116752327059e-308,1.0,2.1527086847825976e-308,0,1,0,0,0,61
0,1.506458661816987e-308,8.211618883739833e-309,1.0,6.13536213431848e-309,8.788429046576697e-309,1.694518454538788e-308,9.611283949366144e-309,1.1471186068148983e-308,0,1,0,0,0,63
0,1.874739835685085e-308,9.198790401357104e-309,1.0,6.750326594914746e-309,1.007830216187682e-308,2.3133628680302196e-308,1.097871938721912e-308,1.4175518228652364e-308,0,1,0,0,0,58
1,0.0244242027788878,0.0198192843195606,0.0181345594326071,0.6799664044510456,0.0632313909205209,0.0231604515682785,0.0330989089362885,0.0387861059757426,0,1,0,0,0,59
0,0.1489365857158043,0.053518577518509,0.0949701601443614,0.0528048546977023,0.0986160772153642,0.1327820978991127,0.0794364533719817,0.1574990099700703,0,1,0,0,0,53
0,8.5331100866957e-309,7.321996962314844e-309,6.373533886308016e-309,1.0,1.9958640438013533e-308,8.277129179411083e-309,1.1057823985580083e-308,1.3265535354901757e-308,0,1,0,0,0,53
0,3.417302652316962e-308,1.744935559294155e-308,1.48718081191842e-308,1.2219269695761167e-308,2.2944018661989634e-308,3.7757321875159226e-308,1.7459703065294268e-308,1.0,0,1,0,0,0,51
0,2.9278191421182134e-308,1.923112915910367e-308,1.988095145419225e-308,9.576800416648117e-309,1.4823322181429466e-308,1.0,1.3807852741124686e-308,3.8197912698176407e-308,0,1,0,0,0,49
0,0.0301496120911886,0.0158037039602422,0.8135877917027279,0.0116966131848415,0.0172738499422375,0.038861188494884,0.0192385613606263,0.0237026199605525,0,1,0,0,0,60
0,0.1506541549754821,0.0537131457326339,0.1015314637740121,0.0483098022969158,0.0857010027610718,0.1579308320970425,0.0734088120899398,0.1473146028058076,0,1,0,0,0,60
0,0.0346773928264991,0.0198116858797506,0.6776743802412644,0.0149565036567653,0.0211350196413456,0.0388468343702501,0.0229591860489058,0.0269216749792676,0,1,0,0,0,54
0,1.8315116787382224e-308,9.06749109170519e-309,1.0,6.65773870093322e-309,9.877100397531346e-309,2.2234093359599723e-308,1.083897330564062e-308,1.3777980654638233e-308,0,1,0,0,0,58
0,0.0288206989610059,0.016306680231557,0.7865414856100664,0.0123105445114698,0.0174431696183943,0.032213199859369,0.0190282270056939,0.0222848463519579,0,1,0,0,0,53
0,0.4232006187123949,0.033833248411415,0.0599199129143352,0.025636460949126,0.0409163240878033,0.0764924506906561,0.0383809595175402,0.0885224065154418,0,1,0,0,0,58
0,0.4321223518513587,0.0331610746569048,0.0584595634351473,0.0250759783675462,0.0400926291368642,0.0753241302309225,0.0376460718383054,0.087703155395424,0,1,0,0,0,53
0,1.738739469760143e-308,9.24978097461146e-309,1.0,6.71018356261837e-309,9.888064597520314e-309,2.315192332767653e-308,1.10008020786202e-308,1.3764706701111027e-308,0,1,0,0,0,54
0,0.0445273470902085,0.0269118955363093,0.0315621213214243,0.0565843267298207,0.5363972711291031,0.0391247389456697,0.0599726357734926,0.0882392784786058,0,1,0,0,0,54
0,0.0531008050163257,0.0288665190525647,0.6849986193322196,0.0212949636126968,0.03123746998269,0.068505911140561,0.0356901005779795,0.0424159453843068,0,1,0,0,0,48
0,4.990758288434025e-308,1.4855588105478233e-308,1.493301067053728e-308,1.1914336690963904e-308,2.302647540587214e-308,3.100229501086267e-308,1.8745831793455974e-308,1.0,0,1,0,0,0,51
0,0.1527034078342276,0.0535382720032457,0.1040200100153507,0.0496275710886007,0.088931536209357,0.1492877199739473,0.075843068700737,0.1446122307074397,0,1,0,0,0,60
0,0.057467145764033,0.0304724024542055,0.5032602374769011,0.0235137798040349,0.0346785343863459,0.0680262000990213,0.0398372440247564,0.0452646824227934,0,1,0,0,0,51
0,0.2112647171837169,0.0508643055176263,0.1103022312507252,0.0443033452428665,0.0747460083116804,0.1301111893331292,0.0672353813770155,0.1297366383161458,0,1,0,0,0,61
0,0.0616157113192666,0.0333093116078216,0.4237022004689441,0.0259335184100486,0.0372403815993186,0.0657862786080317,0.0429445877765241,0.0470892884994112,0,1,0,0,0,53
0,2.8631466490152223e-308,1.729273527698322e-308,2.3065087301518693e-308,9.43356945834943e-309,1.4633157238744424e-308,1.0,1.372221611995725e-308,3.400589395532145e-308,0,1,0,0,0,54
0,0.0662069275708315,0.034904916188162,0.4638991646135669,0.0269195895772737,0.0387917988510551,0.0700815122558998,0.0445685541484634,0.0497378450529445,0,1,0,0,0,51
0,2.7177272711110204e-308,1.9211456883893784e-308,2.0298115863537796e-308,9.59047378039035e-309,1.474376353228581e-308,1.0,1.3645909356343826e-308,3.578322499029954e-308,0,1,0,0,0,57
0,1.581642465042304e-308,8.857576394067885e-309,1.1391325383023813e-308,1.190860907598568e-308,2.366561804018625e-308,1.320588744750775e-308,1.0,2.0473500273952356e-308,0,1,0,0,0,54
0,1.4342656576946124e-308,9.05480408422773e-309,9.787705902778563e-309,2.3326424040415085e-308,1.0,1.2818385118236555e-308,2.1057227276894143e-308,3.2298120482798537e-308,0,1,0,0,0,57
0,0.252868302636705,0.0723538735098424,0.1259394520818659,0.0462500859775934,0.0656601827314273,0.1269439668101846,0.0708846951453195,0.1127658600998684,0,1,0,0,0,52
0,0.240984866000455,0.0700736171807313,0.1232549539312445,0.0445439762889826,0.06342766181158,0.1252393901244629,0.068904625734492,0.1096337523365676,0,1,0,0,0,52
0,1.8403426870437136e-308,9.176843192950593e-309,1.0,6.583089177812397e-309,9.704829320809467e-309,2.2356018873243066e-308,1.078044034030412e-308,1.3711603743980363e-308,0,1,0,0,0,52
0,0.2829437568953657,0.0763906819848075,0.1232997257361454,0.0467275227039328,0.066743206592299,0.1386650350901186,0.0714706218454258,0.1202996056855165,0,1,0,0,0,52
0,2.5743465825427173e-308,1.7598327824981237e-308,2.2277415284043393e-308,8.96162225192885e-309,1.3292698668521583e-308,1.0,1.2605033574774933e-308,2.75707961449288e-308,0,1,0,0,0,48
0,1.5176044117394496e-308,8.31700632041908e-309,1.0,6.220746593130974e-309,8.95307654110336e-309,1.7381811227044675e-308,9.709275885956484e-309,1.168927319509155e-308,0,1,0,0,0,63
0,0.0318781700592224,0.0181584660763486,0.8221999524181826,0.0137931300622193,0.0194786479833273,0.0353103918530376,0.0213132853517783,0.024690055741322,0,1,0,0,0,63
0,0.0291843571672659,0.016355316081722,0.7484857556849969,0.0122327347185989,0.017412657523461,0.0329195404607105,0.0188404796870373,0.0224943199744015,0,1,0,0,0,63
0,1.3745288420280677e-308,7.71100245027498e-309,1.0,5.890694938428447e-309,8.33583754553062e-309,1.4803064326880073e-308,9.23899006222273e-309,1.0532579339812994e-308,0,1,0,0,0,63
0,0.0300611339772587,0.0169826859836099,0.7273487241688558,0.012797105769643,0.0181497749115295,0.0336457450851511,0.0197548576214505,0.0232323301239511,0,1,0,0,0,63
0,0.0563978158304397,0.0259598146060781,0.5644238821371673,0.0192543852927077,0.0291211092718235,0.0682711339405207,0.0313626212824568,0.0418610413469213,0,1,0,0,0,57
0,0.0691237410720172,0.0309895440682526,0.3703679357663395,0.0228396585869507,0.0348934385966874,0.0869631838383447,0.0373423256067521,0.0516411158489772,0,1,0,0,0,52
0,0.7499325900986928,0.0192335481494987,0.0225011801998458,0.0145376639192965,0.024014173562929,0.0343125865645859,0.0245174774327737,0.0566063615419975,0,1,0,0,0,52
0,0.0682471112385707,0.0374162628882954,0.42281315355023,0.0263416782663475,0.0392410251347145,0.1070994224632814,0.0443306211593001,0.0572511309717002,0,1,0,0,0,53
0,1.0,1.2612341956051756e-308,1.3456162189892978e-308,9.298675998057087e-309,1.539724552884936e-308,2.252220238014247e-308,1.5710854358372654e-308,3.9594419902339666e-308,0,1,0,0,0,53
0,0.7177763140876608,0.0158125513630116,0.0159721938532091,0.0113399648133072,0.0189366968592863,0.0291320835536838,0.018099120375916,0.0602611009881877,0,1,0,0,0,52
0,0.5514927155984302,0.0427896323272576,0.0587815613490296,0.0277042658744187,0.0426044914567107,0.090239371864682,0.0429946620792564,0.1029122442298414,0,1,0,0,0,52
0,0.584497735788197,0.040662337818012,0.0588496829896736,0.0270844955480295,0.0415308265746045,0.085160028715779,0.0409082296787121,0.0987633664874837,0,1,0,0,0,52
0,1.519719306609313e-308,8.77662696868324e-309,1.0613984648636227e-308,1.226763619961865e-308,2.3269914487494634e-308,1.2517196041341223e-308,1.0,1.9622246368004616e-308,0,1,0,0,0,47
0,0.2845801583410421,0.0708756385068639,0.1136511714099288,0.0429177765382634,0.0606849110330615,0.1279448936983317,0.062302773442008,0.1107090960233072,0,1,0,0,0,50
0,0.0698765618026526,0.0348745593120507,0.0445438747067442,0.0370239377518597,0.0688391134520038,0.0557630186082076,0.3372612052258197,0.0736798835312632,0,1,0,0,0,53
0,0.0340160853986444,0.0273622862833178,0.0250355812710511,0.5625882365376995,0.0917290083010303,0.0322121998781499,0.0466334407683187,0.0550717510646792,0,1,0,0,0,56
0,1.5572423261554134e-308,8.886572278864677e-309,1.069944750663194e-308,1.2146648982315957e-308,2.300184757490602e-308,1.271779585385814e-308,1.0,1.9845484209905895e-308,0,1,0,0,0,54
0,1.5591280737155015e-308,9.942539083201767e-309,1.0233872119802656e-308,2.1956117169752414e-308,1.0,1.4101290869792687e-308,2.3981848166180015e-308,3.657234842443005e-308,0,1,0,0,0,50
0,0.776106635627366,0.0195862766082698,0.0203808123412979,0.0143095477864669,0.0237299933599476,0.0354136068323482,0.0235637883056297,0.0658321765739742,0,1,0,0,0,53
0,0.0538301634873072,0.0307504385462379,0.6007479350411996,0.0217398964371671,0.0318024534775076,0.0775915610813283,0.0348016404530392,0.0444924310289024,0,1,0,0,0,63
0,0.0460750103381798,0.0352840748191558,0.0337578800748692,0.3394897179747875,0.126914191891191,0.0423495929253112,0.0643799299978585,0.0737019722627051,0,1,0,0,0,62
0,0.4847299632301942,0.0403106988478291,0.0548872798420995,0.028645750440478,0.0467830485210583,0.087414874726366,0.04522864391272,0.1361984605413295,0,1,0,0,0,61
0,0.0414910520185764,0.3904602784294097,0.0283799944479574,0.0257932564355275,0.032656911682643,0.0544890310235173,0.0290379718436469,0.0539466134611238,0,1,0,0,0,61
0,0.0117948430858778,0.0063519951665859,0.9248604072543776,0.0045997496119793,0.0067632797074782,0.015809459957868,0.007525483941622,0.0093923319501696,0,1,0,0,0,61
0,0.0841418179645698,0.0484969448913367,0.0568105712144337,0.0259314983951496,0.0408982244907767,0.5911626489626947,0.039559600407003,0.1053191154188957,0,1,0,0,0,64
0,0.0532449800285839,0.0293320491953482,0.6029796324737582,0.0225261978767514,0.0320001123368158,0.0570690555630301,0.0363557655572988,0.0405875366936026,0,1,0,0,0,64
0,0.3039007696967094,0.0731092800962606,0.1180566208325079,0.0443367560182574,0.062871312652703,0.1326548723755176,0.0648031300209616,0.1150742153515627,0,1,0,0,0,63
0,0.258159206957308,0.0630913291471884,0.1037314422034718,0.0389215855923929,0.0550154671284595,0.1145862921719929,0.0562368839864807,0.0998963710164952,0,1,0,0,0,63
0,2.858836221044644e-308,1.911847588893306e-308,2.02527303370211e-308,9.54562540270657e-309,1.4732196221106574e-308,1.0,1.372405152095803e-308,3.6910904784464094e-308,0,1,0,0,0,63
0,0.5238455731368526,0.0469039687005509,0.0733415915218414,0.0298576910302417,0.0468203879166467,0.1114998235715508,0.0452405073952505,0.1202158418300137,0,1,0,0,1,35
0,1.0,1.168279442706382e-308,1.9393492485288555e-308,7.7842922774476e-309,1.195235010231976e-308,2.551645377070389e-308,1.168611609665794e-308,2.71695933152612e-308,0,1,0,0,1,35
0,1.0,1.1614228896560707e-308,1.921034965221203e-308,8.18496048485973e-309,1.2926930124177596e-308,2.6049205300390473e-308,1.2417753832930967e-308,3.073884886271147e-308,0,1,0,0,1,35
0,0.3418588233961945,0.0408473996522783,0.0581352271360379,0.0299771759751347,0.0494018407628129,0.0951804381297953,0.0495907302026897,0.1391037911595526,0,1,0,0,1,47
0,1.0,1.247138385839849e-308,1.434492070957722e-308,9.22449028694432e-309,1.5495065830659567e-308,2.3064425034274047e-308,1.5666685959313655e-308,4.0578833111197234e-308,0,1,0,0,1,47
0,0.7994591779309205,0.012570325659749,0.0143595049385599,0.0093579069765899,0.0153941773921374,0.0222217038495648,0.016051355170476,0.0357265376551155,0,1,0,0,1,47
0,0.6584440910174305,0.0296514875900622,0.0431588459462213,0.0211617332572533,0.0331609280879742,0.0603025952185141,0.0323591262318193,0.0795489465876078,0,1,0,0,1,47
0,0.2051554175569704,0.0512005238170956,0.094081787775236,0.0442164938694401,0.0766885286664748,0.1322489435112977,0.0659338592014111,0.1490382621349801,0,1,0,0,1,47
0,1.0,1.2062579640630083e-308,1.4031087453479754e-308,8.940864892961914e-309,1.4694648567933423e-308,2.1584773639927204e-308,1.5263622323497643e-308,3.4439654474782875e-308,0,1,0,0,1,47
0,1.0,1.24773962357563e-308,1.4562868021062113e-308,8.84531798062718e-309,1.4456921990067914e-308,2.3472232112451885e-308,1.4904156242261387e-308,3.69420351204584e-308,0,1,0,0,1,47
0,4.570975394725367e-308,1.6650782486065537e-308,1.554516891262172e-308,1.1410669979222286e-308,2.113044691918486e-308,3.6096797809740056e-308,1.6841739205932766e-308,1.0,0,1,0,0,1,47
0,0.2793440135713854,0.0606378598846616,0.1027248331698727,0.0381355526063694,0.0542782401278243,0.1108279586838872,0.0555735545523428,0.0990403372789594,0,1,0,0,1,47
0,0.3151857964220461,0.0573110975001507,0.0980285713614702,0.0366780080932557,0.0526774226597999,0.1056268333116834,0.0537858984831459,0.0976641099819959,0,1,0,0,1,47
0,0.3291133179548018,0.0710119508813529,0.1105859506844288,0.0420306818258393,0.060455093483012,0.1348111389547032,0.062321173532236,0.116210849217237,0,1,0,0,1,47
0,1.0,1.1834528691187067e-308,1.7486767269702347e-308,8.195536333323976e-309,1.2897591124035676e-308,2.484434444920524e-308,1.2586951153082146e-308,3.195209592611746e-308,0,1,0,0,1,23
0,0.3814126714109098,0.0409648886690147,0.0481062139508117,0.0277286073596628,0.0440511481899715,0.0877198759044436,0.0475695445317901,0.1116372733838154,0,1,0,0,1,42
0,1.4365452213840767e-308,7.93399932635442e-309,1.0,5.979765160474675e-309,8.496646218951754e-309,1.5681863933602496e-308,9.32498372688234e-309,1.091850556979089e-308,0,1,0,0,1,47
0,0.1066123208408252,0.0496014971964035,0.0501514622030944,0.0389736013357245,0.0766799061876017,0.1152016880176483,0.0569362991880081,0.4218519009674743,0,1,0,0,1,22
0,0.0787375808102963,0.0344055395498894,0.2913396578389412,0.0258893799384184,0.0403281286499294,0.1012786765529042,0.0437587475286207,0.0598262764489532,0,1,0,0,1,42
0,1.0,1.1417335414997547e-308,1.847820243217577e-308,7.86829106880687e-309,1.2117264536915495e-308,2.4313216059270603e-308,1.1862826377385377e-308,2.7501532387636827e-308,0,1,0,0,1,23
0,0.5496491536640661,0.0356294579974638,0.0628660190705321,0.0236997408373968,0.0354916376960418,0.077816459202338,0.0347419538210067,0.0747808892734196,0,1,0,0,1,23
0,0.5710215553006922,0.0281893913853967,0.0480142767609864,0.0207566699794226,0.0331556805086897,0.0644616801813082,0.0313354674294709,0.0768142599029543,0,1,0,0,1,23
0,0.2386846847951393,0.0487654583875553,0.082269232253299,0.0407415820725014,0.0683246828421198,0.1103140138704143,0.058003758635351,0.1380519173189862,0,1,0,0,1,23
0,0.4811142445451594,0.0304881297810843,0.0507349529599492,0.023394623503106,0.0378828536694441,0.0669674277737327,0.0363711314037997,0.0855861774212801,0,1,0,0,1,23
0,0.2311026951597841,0.0494890938920461,0.0929053436328587,0.0419863614829398,0.0705950443332605,0.1191047142042663,0.0614340677240113,0.1341893444162886,0,1,0,0,1,23
0,0.2359409003651544,0.0491436438551435,0.1042602105616615,0.0415532130294563,0.0694879861949157,0.126197670099429,0.0636564282112796,0.1283237642158658,0,1,0,0,1,23
0,0.1562150307502315,0.0952999584833663,0.0763340868691451,0.0446532255213949,0.0695818361408053,0.2814403872353281,0.0699205282065756,0.1909462672028852,0,1,0,0,1,23
1,0.3333132145451809,0.0418901232178102,0.0788142647261016,0.0280884002770763,0.042068431212488,0.0991724626120811,0.0407289590135634,0.0879445301008579,0,1,0,0,1,23
0,0.1696097028598281,0.1067534476224116,0.0787194513365163,0.0480039735031973,0.073725360006362,0.2420024065778534,0.0748557392073017,0.1907212392962616,0,1,0,0,1,23
0,0.317198865141524,0.0717746759014072,0.1167450446428652,0.044245007945256,0.0632599643141039,0.1309246431401182,0.0660336899454618,0.1163582655028748,0,1,0,0,1,23
0,0.7244479445914279,0.0156286970898675,0.0157466433746543,0.0112370167557998,0.0187813232506685,0.0286430068310699,0.0179673624535248,0.0592424196503651,0,1,0,0,1,23
0,0.6427340199977968,0.03126810539647,0.0548059154418971,0.020725987808795,0.0309542732821803,0.0650317045035853,0.0310102000755489,0.0636796623605108,0,1,0,0,1,23
0,0.2756118989940876,0.0652648261645253,0.1108672476142137,0.0404843217618474,0.0573405112230705,0.1206271573080891,0.0589447406095396,0.103842397859611,0,1,0,0,1,23
0,0.235765967292968,0.0662749843227145,0.1040704403814314,0.0397807002469904,0.0559374326223216,0.1183482673533412,0.0574168409105312,0.1011876607339519,0,1,0,0,1,23
0,0.1694402079404405,0.12022116321218,0.0838591463075973,0.0478405315759929,0.0717146058530065,0.2440694997401256,0.0692801630476788,0.1779660027327104,0,1,0,0,1,23
1,0.0466821793925632,0.0315021817137774,0.0300004659792609,0.0765310209918844,0.4691801168007121,0.0425230789950224,0.0594687171919631,0.109324677001038,0,0,0,0,1,49
0,0.3084061053610074,0.0712433624647022,0.1201013960897991,0.0462161234107375,0.066140497879196,0.1267267444009448,0.0703250834116666,0.1173808435155575,0,1,0,0,1,59
0,0.4077210487956297,0.0537217176721949,0.0919935521026092,0.0347710571145384,0.0505274934472022,0.1023372561461443,0.0509833590217619,0.0968320797063621,0,1,0,0,1,59
0,1.0,1.1881077164044626e-308,1.857639275838206e-308,7.688990955966505e-309,1.1729753866213006e-308,2.5089770196332425e-308,1.1615416099238763e-308,2.6708082814577907e-308,0,1,0,0,1,59
0,0.4290632760455048,0.0431589782378279,0.0537380672965623,0.0272661360465678,0.0430369744200026,0.0916878367344693,0.0439873085412385,0.1132971875095312,0,1,0,0,1,59
0,1.0,1.239697309141492e-308,1.7996050801627537e-308,7.753207814478685e-309,1.177197240212138e-308,2.707479222946648e-308,1.1493872135530063e-308,2.819871704453957e-308,0,1,0,0,1,59
0,1.0,1.258471372047299e-308,1.7485664443844494e-308,8.189269945455955e-309,1.2859287576931786e-308,2.720147075707007e-308,1.2431486926623307e-308,3.399714142696173e-308,0,1,0,0,1,59
0,1.0,1.164739721567019e-308,1.7897500793050574e-308,8.476309289022243e-309,1.3574333023022517e-308,2.5746232800357214e-308,1.312718404565499e-308,3.425515673328792e-308,0,1,0,0,1,59
0,0.6924645460198927,0.0293828791131211,0.051426085956645,0.0195749639042863,0.0295038099936425,0.0643861441108341,0.0290266777778847,0.0631473540102468,0,1,0,0,1,59
0,1.0,1.318775107230311e-308,1.3652905586419323e-308,9.53807712544058e-309,1.5984453250518436e-308,2.4383469955378826e-308,1.5439543649649983e-308,4.955616323485562e-308,0,1,0,0,1,59
0,0.7689010605553118,0.0223870418594099,0.0251861736964924,0.0167150056119835,0.0276675065716075,0.0395116144209192,0.0287904539157394,0.0651082984446322,0,1,0,0,1,59
0,0.0693516511233655,0.0309715206177771,0.3564194132015748,0.0227770754319697,0.0348069196382898,0.087185936882932,0.0372027245816328,0.0516944509703706,0,1,0,0,1,59
0,1.0,1.2332958588500286e-308,1.415402197982379e-308,9.25244035346557e-309,1.554183240073348e-308,2.253103034663092e-308,1.5774732275726043e-308,3.956533182844902e-308,0,1,0,0,1,59
0,1.0,1.2401826036475514e-308,1.556125744454152e-308,9.140682147884516e-309,1.546310550339011e-308,2.457724356180281e-308,1.5612385416257897e-308,4.2011248274066985e-308,0,1,0,0,1,59
0,0.6531505923309954,0.0313703360174696,0.0393362364200549,0.0215235787730916,0.033811865595083,0.0617962210533693,0.0342473518256482,0.0839219200094996,0,1,0,0,1,59
0,0.4498544992935132,0.0532153582522756,0.0869917620080041,0.0336198806801775,0.0493482822559191,0.10460019161853,0.050263207333926,0.0986469750912657,0,1,0,0,1,59
0,0.4732517706265644,0.0374358811704277,0.046230466325519,0.0241189181527416,0.0371788000179232,0.0752548888270152,0.0381970935198822,0.090560636108257,0,1,0,0,1,59
0,1.420707555513638e-308,8.78076836139337e-309,9.960746507340123e-309,2.1564677463197846e-308,1.0,1.2675035720799017e-308,2.2216835053728136e-308,3.0804061103629696e-308,1,0,0,0,1,56
0,0.0443149070471362,0.03424014300784,0.0323194129583611,0.3442864147523052,0.1377988549997544,0.0414724691254618,0.0625402104593943,0.0746882005880489,0,0,0,1,1,50
0,0.2913955323028903,0.0484245309448764,0.0576327901737925,0.0286603665440472,0.0449329649753966,0.1054707125848689,0.0450798916623636,0.1216392803043693,0,1,0,0,1,23
0,1.0,1.1271778203557185e-308,1.9122884756658166e-308,7.958721590991867e-309,1.23703985712751e-308,2.4568465866724485e-308,1.19889973338537e-308,2.772561283273519e-308,0,1,0,0,1,47
0,0.6274516792793275,0.0269306223715211,0.0477001500194914,0.0194248460131736,0.0307158581863188,0.0631517244323315,0.0292919157153121,0.0702514284092712,0,1,0,0,1,47
0,0.286801392668137,0.046183772601445,0.0847204459895718,0.0290995075296631,0.0454357693801157,0.1324414596160523,0.0454532119767932,0.1084282346209625,0,1,0,0,1,47
0,1.0,1.2498851506966566e-308,1.4500349928660026e-308,9.216383100162154e-309,1.529450529323819e-308,2.432340569694672e-308,1.4841964338102895e-308,4.470623600834713e-308,0,1,0,0,1,47
0,1.0,1.2431207342864163e-308,1.76394161887799e-308,8.253028879918736e-309,1.303328158816605e-308,2.752598724986245e-308,1.28563593244666e-308,3.44311625829385e-308,0,1,0,0,1,47
0,0.3523177028912579,0.0593750315602499,0.1009219854897546,0.0380900924556764,0.0547980418288097,0.1096996073811347,0.0557044110308721,0.102270350042955,0,1,0,0,1,47
0,0.2555707744464642,0.0481622892492131,0.098064175608721,0.0404276828241631,0.0675924996672014,0.1191805625264732,0.0618374304368485,0.1277284017738213,0,1,0,0,1,47
0,2.2963877930151195e-308,1.6463331646856873e-308,2.4794589557232346e-308,9.15916356017246e-309,1.3671057921527315e-308,1.0,1.2795974060888597e-308,2.643173635270754e-308,0,1,0,0,1,47
0,0.5966841282635059,0.0350784308524781,0.0445193330304155,0.0241295277541,0.0377251302253196,0.0693658105237574,0.0380144398835761,0.0927328549237031,0,1,0,0,1,47
0,0.2656003181480914,0.0649695565091446,0.1074544616450331,0.040213440062266,0.0567919803923211,0.1172707173747823,0.0581036951374667,0.1025153344619198,0,1,0,0,1,47
0,1.0,1.1460235065450393e-308,1.9630217266103825e-308,7.602725819710014e-309,1.155247723172531e-308,2.473673935241135e-308,1.149559468965233e-308,2.5152691095121253e-308,0,1,0,0,1,47
0,0.3219104151737231,0.0718571549622145,0.1124363438303796,0.0428427719651615,0.061528431363127,0.1351644412095907,0.0638332595728524,0.1169673384565624,0,1,0,0,1,47
0,0.0262936570740541,0.0142221982363056,0.7790343361011783,0.0106036620519361,0.0151298439011933,0.0288653080204656,0.0165006010443312,0.0197755999335097,0,1,0,0,1,47
0,0.2859284374010611,0.0704524733238358,0.1149370398511829,0.0431379053671173,0.0609365589992237,0.1269292893671431,0.0625777058011571,0.1102842474909407,0,1,0,0,1,47
0,0.3137531242348846,0.069951827244396,0.1187441208450569,0.0456769670377258,0.0656709729326249,0.1255365891043764,0.0700684310846553,0.1171381240498912,0,1,0,0,1,59
0,0.0303955832744533,0.0172655160625626,0.7581802594523132,0.0130375427233515,0.0184149909570756,0.033687446753783,0.0200459192678816,0.023459828045242,0,1,0,0,1,59
0,1.5664357406620087e-308,9.509214905648754e-309,1.03095887126623e-308,2.0976437895329203e-308,1.0,1.3755993131229257e-308,2.25311183244314e-308,3.84130010008009e-308,1,0,0,0,1,52
0,0.1623709162860112,0.1137072705307322,0.0751209223393999,0.0476434793393115,0.0733185861552982,0.2388263824941629,0.0708487450294825,0.2025550182353336,0,1,0,0,0,61
0,0.8467019656096921,0.0110094855023593,0.0125855186814222,0.0081339052394966,0.0133271381094638,0.0195326494836563,0.0138362527723769,0.0312522985457248,0,1,0,0,1,47
0,0.0674260446991563,0.0342383756895338,0.0448774648869845,0.0384356896429467,0.0738234634589952,0.0544739505305707,0.5076343747686386,0.0756624181311759,0,1,0,0,0,68
0,4.053624814828456e-308,1.6380472539885857e-308,1.4155148559486774e-308,1.2326608776349847e-308,2.3447988284572243e-308,3.1640131109657217e-308,1.761806082286702e-308,1.0,0,1,0,0,0,68
0,1.8492803440868754e-308,9.27855598106302e-309,1.0,6.69969008100813e-309,9.932800999797333e-309,2.334707060183384e-308,1.091822613820418e-308,1.4044246874350676e-308,0,1,0,0,0,68
0,0.0170254273095728,0.0146722051378532,0.0126533444384096,0.7509428765300147,0.0406634670037589,0.0165973635142521,0.0219838368521895,0.0268474059948937,0,1,0,0,0,68
0,0.1556531157472874,0.0537846537530291,0.0994966341121088,0.0504819258277466,0.0920101162528471,0.1416430245441786,0.0761080861561546,0.1493862601395537,0,1,0,0,0,68
0,0.3949105968445215,0.0407924157721159,0.0473935292039813,0.0273694003625251,0.0435318126626432,0.0885631448616731,0.0463154719341166,0.1142442915230533,0,1,0,0,0,68
0,0.1788435169223861,0.0651528141684771,0.0560208420034393,0.0367975629184427,0.0619392327337456,0.1648002588513562,0.0552988037317615,0.3454898723221447,0,1,0,0,0,66
0,1.76883830611175e-308,9.51719397825163e-309,1.120440980095226e-308,1.1495053109396263e-308,2.1183653319958733e-308,1.3948166565676837e-308,1.0,2.072189070878838e-308,0,1,0,0,0,65
0,1.6764122868161537e-308,9.08138755339615e-309,1.187730910197099e-308,1.182645224443931e-308,2.444800002544771e-308,1.3897136455587584e-308,1.0,2.185373916494507e-308,0,1,0,0,0,66
0,1.0,1.1252404509856837e-308,1.8359077003509416e-308,7.84354284429149e-309,1.21352907348699e-308,2.3260476936782934e-308,1.2155053299101004e-308,2.6828701499292096e-308,0,1,0,0,0,66
0,0.0609058227968999,0.0328706744656192,0.5312086548895921,0.0252439054266481,0.0360722464852175,0.0648538524069943,0.041229908912224,0.0460452869429019,0,1,0,0,0,68
0,0.0599506402336879,0.0323619080225749,0.5232043563181019,0.0248629095216435,0.0355175652750638,0.0636706058105767,0.040599824859595,0.0453010355297046,0,1,0,0,0,67
0,0.0609531509338508,0.0328607316340485,0.5676959524378702,0.0251797456740985,0.0359774822864248,0.0648959356184316,0.0410345896056662,0.0460029841004069,0,1,0,0,0,68
0,2.7008168280321396e-308,1.7131227332195536e-308,2.319439245653256e-308,8.951482514603206e-309,1.3374494721078993e-308,1.0,1.2685644621027814e-308,2.8105552768614454e-308,0,1,0,0,0,66
1,1.4126832171617707e-308,8.83971860657477e-309,1.001454033062144e-308,2.1159250776751035e-308,1.0,1.263300578930606e-308,2.2963559749928244e-308,2.891066323630467e-308,1,0,0,0,0,36
0,2.4869415246139783e-308,1.202838207076331e-308,1.2608924185821636e-308,1.514044296735385e-308,3.33182175484933e-308,2.0776535883047803e-308,1.9511362036088987e-308,1.0,0,0,0,1,1,52
1,0.0321770488583571,0.0201235341017733,0.0234557956031507,0.0464164299904503,0.6667235296236119,0.0291053162532165,0.0549593664410074,0.0634194119879125,1,0,0,0,0,48
1,1.436952474134505e-308,8.777079247633317e-309,1.0243532074785303e-308,1.949205291182171e-308,1.0,1.270627953953119e-308,2.1641961101760056e-308,2.8888032774494194e-308,1,0,0,0,0,60
1,0.0414136814021497,0.0253497578172031,0.0292584841897932,0.0551362028831091,0.6127942636448214,0.0363483867074625,0.0565805939730411,0.0818014340503773,1,0,0,0,0,62
1,0.0471137074303807,0.0288158057462415,0.0333484241372693,0.060855996954173,0.4126332748700625,0.0412041988720418,0.0616127981617557,0.0900083083266082,1,0,0,0,0,59
1,0.0442940387949411,0.0273329151240096,0.0314056546447495,0.0596063293323909,0.510931009208767,0.0388602842129468,0.0598058406790106,0.0851997038949523,0,1,0,0,0,54
0,0.0458625859294566,0.0271314393962432,0.0319020716686553,0.0601738915255554,0.4600216377083563,0.0406933511439676,0.0702251034753582,0.107703259445138,1,0,0,0,0,60
1,0.0471680773664141,0.0356190954242013,0.0336883751692095,0.275024027118128,0.1490690340153144,0.0434742145237719,0.067976027546361,0.0805657639985209,0,0,0,1,0,47
1,0.0461781604195923,0.0352008685806998,0.033679325710391,0.3257339627896128,0.1298799951701656,0.0423925968827552,0.064764375920745,0.0745594933528645,0,0,1,0,0,51
0,0.0410621905955008,0.0199201415943512,0.0211027659439921,0.0260596810182851,0.0551900253176385,0.033870127725217,0.0328971820345883,0.6941778233973359,1,0,0,0,0,58
0,0.0676979105250674,0.0362596765254927,0.3985167855491037,0.0280777017299918,0.0410925768032336,0.0773535187725911,0.0478882353564294,0.0529960228915222,0,1,0,0,0,51
0,0.1062752115336481,0.0572272527448876,0.0680104391910615,0.0293750299094206,0.0450325749416146,0.5242839695922538,0.0424066819939632,0.1117801605028827,0,1,0,0,0,57
0,1.0,1.2666347919899275e-308,1.357211724369218e-308,9.33944351028923e-309,1.550906233755111e-308,2.2961039686965746e-308,1.5644764332981574e-308,4.138081089869986e-308,0,1,0,0,0,57
1,1.4106712247188793e-308,8.8785221757368e-309,9.954949830829063e-309,2.1530446726970905e-308,1.0,1.2642550065794614e-308,2.4081155874510874e-308,2.8702535720828157e-308,0,1,0,0,0,54
1,2.841040305461305e-308,1.904473403312634e-308,2.025313262939344e-308,9.587733502926693e-309,1.482671169090589e-308,1.0,1.3827274175901727e-308,3.710718257233419e-308,0,1,0,0,0,54
0,1.4102117888019262e-308,8.816063964174974e-309,1.005241495676563e-308,2.10600586508946e-308,1.0,1.2656132585123784e-308,2.3044488478796923e-308,2.89631952473497e-308,1,0,0,0,0,59
0,0.0921084941468456,0.0373455140454648,0.0388853705386067,0.0373538309070596,0.0765795544106057,0.0718800436794556,0.0538366892940238,0.5424511155589657,0,1,0,0,0,51
0,1.5667542805243545e-308,8.700874374242736e-309,1.0,6.421580267564967e-309,9.30753102678094e-309,1.940307069304988e-308,1.036886405066606e-308,1.2394034065534887e-308,0,1,0,0,0,60
0,2.393755177854501e-308,1.638128034887339e-308,2.5561516063993046e-308,9.23333964980721e-309,1.3959778903832576e-308,1.0,1.306602033736893e-308,2.750153705911365e-308,0,1,0,0,0,53
0,0.0181608399470177,0.0116435666694894,0.0119074055691328,0.0262567327003282,0.8444019694296457,0.0162070880208035,0.0243842375901769,0.0418112142083503,0,1,0,0,0,58
0,0.5772523698122406,0.0420902312766499,0.0609708407090608,0.0253155604906135,0.038250678975433,0.0894398303775926,0.0373481791735978,0.0888512539644383,0,1,0,0,0,51
1,0.0648689601029679,0.0377885751112392,0.0409144316093149,0.0521506359368606,0.10414809368642,0.0533225723602893,0.3702346182866775,0.0927093965959206,0,1,0,0,0,47
0,0.4120017857520449,0.0425783620067512,0.0466562646059863,0.0276658884507842,0.0435720310071696,0.0882491023709547,0.0457233178356814,0.1154592810809758,0,1,0,0,0,50
1,8.41308133344961e-309,7.141212804124396e-309,6.273987130181496e-309,1.0,1.9507893702659254e-308,8.099845966373676e-309,1.1019355822062563e-308,1.2991031871238815e-308,0,1,0,0,0,64
0,1.4010010675935786e-308,7.83393292178146e-309,1.0,5.946058673834446e-309,8.434814570535783e-309,1.5266588452338163e-308,9.319179773078184e-309,1.0735395098405486e-308,0,1,0,0,0,58
0,0.3298885636055509,0.0495121236901082,0.0750345489555904,0.0291015823472921,0.0427762312587172,0.1061320887897986,0.0432946735106145,0.0907849160634236,0,1,0,0,0,57
0,1.7661111047861567e-308,9.461790673482406e-309,1.128529059067571e-308,1.1249318974357557e-308,2.048796476460196e-308,1.390350510592202e-308,1.0,2.009847354146133e-308,0,1,0,0,0,51
0,8.454983502899213e-309,7.018230066048516e-309,6.289338129125107e-309,1.0,2.038601680232556e-308,8.055100018563307e-309,1.11808796585675e-308,1.3147743399450513e-308,0,1,0,0,0,62
1,0.0484451914823037,0.0375197106397143,0.0353095588767698,0.4535789716485771,0.1343791949050653,0.044852791070036,0.0681745216351355,0.0783613681253298,0,1,0,0,0,61
1,0.0474733240373915,0.0319988199543245,0.0311414499570173,0.0652676458238436,0.5057806345485732,0.0449803709384199,0.06927703989847,0.1096628892697022,0,1,0,0,0,64
0,0.1648652981996902,0.0500301924420403,0.08055301373366,0.0484517582657679,0.0910869776178399,0.1111421394154759,0.0724757422986258,0.1552755007984471,0,1,0,0,0,62
1,0.0509574781156947,0.0308592237567917,0.0313755391732559,0.0543743456177239,0.4209896476792691,0.0459542954776236,0.0711115731445898,0.146154064233047,0,1,0,0,0,57
1,0.0287340065755127,0.0247988911033161,0.0211992218749125,0.4020794274204624,0.0708538662219455,0.0281139088045243,0.0369557931766369,0.046137486983832,0,1,0,0,0,65
1,0.0492562532407499,0.0380971065531784,0.036107424707329,0.4489490687927391,0.1350390460244459,0.0455127128631041,0.0687856974748455,0.0788739987265396,0,1,0,0,0,66
0,0.1011913637807527,0.0361699245334526,0.0319503446771419,0.0229510414570499,0.0400120671020276,0.0791925916891184,0.031928341930668,0.6082162929517939,0,1,0,0,0,65
0,1.0,1.2564574764798783e-308,1.5527096915798364e-308,8.48333729451537e-309,1.3471732291370697e-308,2.6146164987868296e-308,1.3804282835486566e-308,3.5541197488650616e-308,0,1,0,0,0,54
0,0.042410500777827,0.0267754353440896,0.0266387285750351,0.0519255375968169,0.6203978665851648,0.0379123979825466,0.0567344506044257,0.1047777456461574,0,1,0,0,0,60
0,0.1579715306225595,0.0537929653802869,0.0985979215100497,0.0509504794661866,0.0929838958046628,0.1383865831261825,0.0763423214949787,0.1495381191279991,0,1,0,0,0,52
0,2.701052642911052e-308,1.6268615799132274e-308,2.452136813643339e-308,9.335615861463237e-309,1.4321512901081936e-308,1.0,1.3249220849984776e-308,3.044510144239858e-308,0,1,0,0,0,55
0,0.1302737134847711,0.072440195158369,0.0678270409911309,0.0374605937499162,0.0600677000185341,0.3705111875034375,0.0576168194058842,0.1881940700976891,0,1,0,0,0,64
0,0.0321721496389173,0.0183578604504055,0.8063645984178082,0.0139092266328297,0.0196526851121636,0.0358297761503221,0.0215162352992715,0.024959519668245,0,1,0,0,0,51
0,0.1506361171067379,0.1290317899032587,0.0825613535334443,0.0480873011869127,0.0720491640919807,0.2550846409437514,0.0685991636354893,0.1783417900081569,0,1,0,0,0,53
0,0.2147412370904311,0.0628717412370186,0.1041963933113349,0.0408223765863356,0.0583170991076914,0.1099659055567244,0.0634840635419436,0.1010585442930744,0,1,0,0,0,59
0,0.6436318584891242,0.0324891921429356,0.0567844414633123,0.0211412470275755,0.0315927158354604,0.0696292880832237,0.031508003328015,0.0662805974082508,0,1,0,0,0,51
0,0.6556928994099445,0.0358603509498298,0.0565886960836374,0.0231301969634172,0.0351209676144976,0.0772399518196399,0.0357335578099102,0.0783587644520717,0,1,0,0,0,51
0,0.744075277771992,0.0183452423278047,0.020866050707431,0.013766383781872,0.0225946114740027,0.0321336594431287,0.0235402062789455,0.051706820343874,0,1,0,0,0,56
0,1.5456770732570597e-308,9.46020082850136e-309,1.0598234389045156e-308,1.973117692882494e-308,1.0,1.3820496654772052e-308,2.5454441648737224e-308,3.3821141026432355e-308,0,1,0,0,0,52
0,0.0285272439524552,0.0248510669877343,0.0210807846807351,0.3950082550748718,0.0686154032611872,0.0280324996132801,0.0363581512074271,0.0455843427755373,0,1,0,0,0,63
0,0.1663869309677836,0.1082887495029624,0.0782336442548214,0.0450024633508888,0.0686294490589542,0.2638174524971111,0.0652165222086991,0.1888161085685114,0,1,0,0,0,63
0,0.081871889585799,0.0413636989206386,0.3797998942841678,0.0292645915751583,0.0449238507588817,0.1183227011543885,0.0500348790452353,0.0668922348870324,0,1,0,0,0,63
0,0.5137206636121099,0.0269833043515557,0.0406622392386535,0.0205827820486851,0.0337116961354205,0.058389430883815,0.032110294709521,0.0850282894230601,0,1,0,0,0,63
0,0.2655746530650355,0.0372218964706768,0.0437283352157681,0.0304682627261581,0.0554819384366071,0.0713889605958577,0.0523113594585321,0.1866446902918946,0,1,0,0,0,61
0,0.062558313711269,0.0337309821465337,0.5460470782073544,0.0258918004093485,0.0370485842992664,0.0668749061459372,0.0423479460195954,0.0473487053762009,0,1,0,0,0,61
0,1.5424274366931285e-308,8.728194711985044e-309,1.1398824931345923e-308,1.1611129626056077e-308,2.2299383142028877e-308,1.299468268977799e-308,1.0,1.9381954644154695e-308,0,1,0,0,0,61
0,1.4637912902741917e-308,8.22601039290774e-309,1.0,6.14097010221245e-309,8.790313321780723e-309,1.672192093954553e-308,9.588055130242645e-309,1.1377579209651965e-308,0,1,0,0,0,61
0,8.425130774778346e-309,7.20957375402483e-309,6.27323023141214e-309,1.0,1.903750684720434e-308,8.152489660586977e-309,1.115692916149272e-308,1.2965613344499586e-308,0,1,0,0,0,64
0,1.699088309185648e-308,9.303999116938966e-309,1.0975853077684416e-308,1.1273502500676413e-308,2.009000626192892e-308,1.342265136937111e-308,1.0,1.9348450772229633e-308,0,1,0,0,0,63
0,0.1510172680850399,0.0512588502209004,0.0846742989726424,0.0511149993711516,0.097810205052206,0.1180631238925075,0.0770542289484702,0.1620849078489559,0,1,0,0,0,49
0,0.0555732592271773,0.0303898621389329,0.6172958290558755,0.0233488972463648,0.0332774072922525,0.0595370320964862,0.0378422722030911,0.0422903846459499,0,1,0,0,0,53
0,1.723847089167998e-308,8.92326641623021e-309,1.0,6.635790422222074e-309,9.802054487802938e-309,2.1449917468039877e-308,1.0995398263308385e-308,1.3376272729415217e-308,0,1,0,0,0,53
0,0.0428261269500286,0.028439028498121,0.0296098981369372,0.0854407685198764,0.599380871151935,0.0389741815324136,0.0616256353802863,0.0910641203090741,0,0,0,0,1,60
0,0.0543282550577611,0.0294315603744522,0.0388120748468201,0.0409259851456046,0.1037980496143242,0.0462481342311587,0.3194918994878071,0.0867876000312659,0,0,0,0,1,63
0,0.047860890550077,0.0258479445834043,0.0339296354165889,0.0350358264910693,0.0810181145799086,0.0401966555878925,0.5946348095750207,0.0699386869910706,0,0,0,0,1,63
0,1.182702030641866e-308,1.0,9.015104095704433e-309,7.36115869021324e-309,9.27855848702659e-309,1.69189532985171e-308,8.46468919433947e-309,1.505012158528664e-308,0,0,0,0,1,63
0,0.0203013530475852,0.8573839833812174,0.0157662672540864,0.012637569575822,0.0159455678163012,0.0296272159453701,0.0146272155825084,0.0258805119356276,0,0,0,0,1,0
0,1.1139158992313456e-308,1.0,8.710296721909915e-309,7.114814338466005e-309,8.804361267265095e-309,1.579520364086684e-308,8.15429979819754e-309,1.3858734998036665e-308,0,0,0,0,1,51
0,1.5302747270894595e-308,8.697198256624493e-309,1.102579184042003e-308,1.18901735618708e-308,2.2850399468470594e-308,1.2709616680070626e-308,1.0,1.9508005320114015e-308,0,0,0,0,1,60
0,0.0525367032256097,0.0342100203773134,0.0340944756333528,0.0936662346031056,0.3519810796464351,0.047108064546669,0.0705125079091082,0.1251060315697176,0,0,0,0,1,66
0,0.3733811046026593,0.0480159731480855,0.0778945045673766,0.029683272237783,0.0463268312972412,0.1228223936904674,0.0452190360003768,0.1167550481802769,0,1,0,0,0,68
0,0.0291838930701267,0.016285526704559,0.7767876574595821,0.0122208896061414,0.0173930215668395,0.0327684320527833,0.0189200246534162,0.0224369056535371,0,1,0,0,0,67
0,0.0827179918947868,0.0416141486274235,0.4726887724801031,0.0295367947794924,0.0451077418528454,0.1175762652894251,0.0498922709976928,0.0666843392700126,0,1,0,0,0,67
0,0.145042482461295,0.120007475859591,0.075804588251586,0.0460084091100104,0.070408200895168,0.2623854400861624,0.0637337288351439,0.2010009949107754,0,1,0,0,0,67
0,0.1676549882464852,0.0514077782710058,0.1328928289729916,0.0455921237202852,0.0780632335884044,0.1469165238857541,0.0726861123023375,0.1233502275456419,0,1,0,0,0,67
0,2.689781939143286e-308,1.8427568923834763e-308,2.111414234635488e-308,9.90972508505404e-309,1.563612428274662e-308,1.0,1.454129322421926e-308,3.8695007659180134e-308,0,1,0,0,0,66
0,1.4151881294574076e-308,8.03590589467311e-309,1.0,6.063357427172586e-309,8.62950655421883e-309,1.6082496226838988e-308,9.57746124378037e-309,1.1045863084673504e-308,0,1,0,0,0,66
0,2.8277032281180243e-308,1.590637592351939e-308,2.6516364476148394e-308,9.561650500984677e-309,1.518082228729468e-308,1.0,1.4233691394590447e-308,3.3272339111476787e-308,0,1,0,0,0,66
0,2.647292108107835e-308,1.8147671724258884e-308,2.087972618842335e-308,9.703519375861693e-309,1.4965619895923634e-308,1.0,1.3665331143250237e-308,3.528073774340238e-308,0,1,0,0,0,66
0,0.0323185110043811,0.0183681629405276,0.6953678588478294,0.0138494147777828,0.0195928001126956,0.0361216558178933,0.0212880640132101,0.025013369562947,0,1,0,0,0,66
0,0.0358563816537796,0.0198577987595524,0.7839927398823169,0.0142160402388743,0.0208613823500067,0.0497117761971807,0.0230701564847409,0.0290675020116786,0,1,0,0,0,66
0,0.1834307004926779,0.0512454028347863,0.1236792843479586,0.0447579813764549,0.0760181628097835,0.1428746525308065,0.0697736333844817,0.1267839987559564,0,1,0,0,0,67
0,1.642337741067808e-308,8.97292322543246e-309,1.1736213000622197e-308,1.174668613394536e-308,2.38038927776698e-308,1.3612903979341757e-308,1.0,2.108962092355127e-308,0,1,0,0,0,66
0,0.4422429307502518,0.0431371779817736,0.047436217574415,0.0285231065891933,0.0451130877830163,0.0882368212166626,0.0473028500980732,0.1194264836510878,0,1,0,0,0,66
0,8.50332634157841e-309,7.304845310139544e-309,6.33488491959834e-309,1.0,1.962558567414889e-308,8.23269513999184e-309,1.100515477920338e-308,1.316513728305419e-308,0,1,0,0,0,65
0,0.0675606212985017,0.0327270394105135,0.6264003102785239,0.0230501874190767,0.0346290405349534,0.0860039265753752,0.0377408351382197,0.0507985407696464,0,1,0,0,0,65
0,4.3026917239980607e-308,1.722447254317207e-308,1.5429934408433464e-308,1.142087541304837e-308,2.0895655383841964e-308,3.74651764612468e-308,1.6550697574750524e-308,1.0,0,1,0,0,0,66
0,8.63470909547051e-309,7.37556914477572e-309,6.40256850706211e-309,1.0,2.023277812222834e-308,8.348430510510096e-309,1.1259227449543953e-308,1.348518979058703e-308,0,1,0,0,0,65
0,0.0483989538070291,0.0269122861377509,0.6931203270612951,0.0190274704632459,0.0279227344584692,0.0696193787406639,0.0308161423263972,0.0394844513769366,0,1,0,0,0,65
0,1.5379801930640607e-308,8.83666937048205e-309,1.0602696581565585e-308,1.226064844325494e-308,2.322114198430279e-308,1.2584892492018134e-308,1.0,1.977681736403539e-308,0,1,0,0,0,64
0,0.2013221717348327,0.0493097371090994,0.08919289701538,0.040747769977229,0.0714149118468601,0.1411031349631555,0.0648731665469078,0.1606000273394414,0,1,0,0,0,66
0,8.257166404125344e-309,7.078155535059536e-309,6.16676173158926e-309,1.0,1.8268311468120505e-308,7.976554585023157e-309,1.089658547739099e-308,1.256351375085196e-308,0,1,0,0,0,64
0,1.6795123797482413e-308,8.682204465692955e-309,1.0,6.44928254002946e-309,9.443226474351954e-309,1.9659436712319e-308,1.038770267820881e-308,1.2725423940059225e-308,0,1,0,0,0,66
0,0.0606056544954001,0.0352236864770105,0.0357649870060636,0.0580112934236244,0.302216258049383,0.051726614852561,0.0725748416524615,0.1670747930272832,0,1,0,0,0,64
0,0.0831199346401862,0.0350406824678621,0.0331269528495165,0.0325509980009073,0.070702249893504,0.0639249177738202,0.0477168697763996,0.5572369940651194,0,1,0,0,0,64
0,0.0761076078276703,0.0340606114020461,0.2015819605939905,0.0278081048782921,0.0445944380466404,0.0921422607258636,0.0510787618946384,0.0610648623843425,0,1,0,0,0,64
0,1.706120127640798e-308,9.332838171121676e-309,1.098039381094875e-308,1.139114404480801e-308,2.0501202887850407e-308,1.3478648289313737e-308,1.0,1.9694931984507417e-308,0,1,0,0,0,65
0,1.493661630167077e-308,8.723748153984647e-309,1.046832655111666e-308,1.2714934782666513e-308,2.479748576102266e-308,1.235641491603511e-308,1.0,2.0037903336072517e-308,0,1,0,0,0,50
0,1.5570890331787834e-308,8.919828941365825e-309,1.0712220236203383e-308,1.281932823878409e-308,2.618690297722265e-308,1.2807168684582113e-308,1.0,2.136952453199693e-308,0,1,0,0,0,50
0,0.1612560177179655,0.1056725418687409,0.0766118557523514,0.0446509793252364,0.069064580358326,0.2595251420180093,0.0640456996059294,0.2035645037631734,0,1,0,0,0,64
0,0.1910494807407833,0.0975414746300305,0.0825379422391662,0.0453290400115239,0.0693750783374558,0.2496607648003977,0.070432214418403,0.1784653252319717,0,1,0,0,1,47
0,1.0,1.227270846996768e-308,1.42634585167528e-308,9.07494083089767e-309,1.508065588124131e-308,2.251657956936681e-308,1.566861794965621e-308,3.706265656562483e-308,0,1,0,0,1,37
0,0.4753465498030083,0.0441870989663045,0.0576720558772712,0.0301906335452927,0.0493580925817224,0.0939375299543846,0.0515703500057816,0.1303894682974904,0,1,0,0,1,47
0,1.0,1.2493913872596006e-308,1.3973499793559265e-308,9.3587328234857e-309,1.5767008414085395e-308,2.3023024247048214e-308,1.6943764112180137e-308,4.002103603260766e-308,0,1,0,0,1,33
0,0.0661019509388085,0.0383471630738067,0.1875734314981722,0.0254482138771791,0.0380058527691179,0.1330311857730897,0.0404610618511026,0.0590198391651213,0,1,0,0,1,33
0,5.200947430017324e-308,1.6380244026333665e-308,1.5555280143508394e-308,1.1030104930814597e-308,1.9770204277823697e-308,3.596143406460559e-308,1.5886859415712035e-308,1.0,0,1,0,0,1,22
0,0.0684349555841727,0.0304517056631924,0.3624898699018875,0.0224130563698289,0.0341816045219576,0.0846171619112951,0.0364841640609958,0.050638237950497,0,1,0,0,1,22
0,0.0987143491738497,0.0570618362494441,0.1305494693011441,0.0358558791834305,0.0553100059220045,0.4583316675060231,0.0534550600746744,0.1027674455245335,0,1,0,0,1,22
0,1.7055374902480775e-308,8.823483859404755e-309,1.0,6.50187036074308e-309,9.53774337974311e-309,2.0407673109119746e-308,1.052081934343192e-308,1.2979057473178077e-308,0,1,0,0,1,22
0,0.0473882135052663,0.026281549415424,0.7003171485834488,0.0185546892386867,0.0271484635623027,0.0660367014897267,0.029770476415511,0.0381916872599866,0,1,0,0,1,22
0,0.0508029393980706,0.026522477892509,0.0378497360648406,0.031975073572326,0.0653976641701401,0.0428681667731193,0.5072273788269694,0.0622286472132998,0,1,0,0,1,22
0,1.8131530128556846e-308,9.156056639177567e-309,1.0,6.719576021469993e-309,9.98430843796556e-309,2.292027700554974e-308,1.1172236054204714e-308,1.393942909057049e-308,0,1,0,0,1,42
0,0.0832942331833746,0.0362639034043822,0.2642897657736835,0.0283388866756488,0.0447980235778644,0.103279613482245,0.0496742019318122,0.0643200429330245,0,1,0,0,1,42
0,0.157373647779952,0.0494589017524712,0.1330041583795036,0.0433675667759334,0.0738872343801044,0.1451508552145513,0.0694929824132373,0.1172273686409544,0,1,0,0,1,42
0,0.1581496623872421,0.0526662323530239,0.1098202260558018,0.0450071358690463,0.0790199175384907,0.1612457649283261,0.0701887305617936,0.1424661468391812,0,1,0,0,1,42
0,1.8039981175764645e-308,9.34588994527678e-309,1.0,6.695391084167053e-309,9.87916912804821e-309,2.35928074211651e-308,1.090020965085966e-308,1.396157938372953e-308,0,1,0,0,1,42
0,0.1580187488849619,0.0500323911212869,0.1320938941077916,0.0439714446722844,0.0751683145063273,0.1477767176881444,0.0705374674210366,0.1195695753129023,0,1,0,0,0,54
0,1.7855172721197806e-308,9.048595093153304e-309,1.0,6.736014524596854e-309,1.0022021193980165e-308,2.2528971817616396e-308,1.1279220208219855e-308,1.38386945167302e-308,0,1,0,0,1,47
0,1.0,1.1747712135651456e-308,1.4627658133151187e-308,8.782769333155114e-309,1.4352445470269845e-308,2.174810236417066e-308,1.4800463177846397e-308,3.3634996197371506e-308,0,1,0,0,1,47
0,0.1073615003852572,0.0365516494138023,0.1218319477316829,0.0292664091937955,0.0484521558810613,0.1136789568528454,0.0503563809871599,0.0784656876732596,0,1,0,0,1,47
0,0.582660673440738,0.0348859976553644,0.0434897292057606,0.0235312390687305,0.0370252524637494,0.0684754592323376,0.03780429790495,0.0917696801953059,0,1,0,0,1,35
0,0.4192236717964068,0.0442158410746909,0.062659420033986,0.0315454485493241,0.0512132112612936,0.1031788036852363,0.0525464834215043,0.1384755224523518,0,1,0,0,1,35
0,0.2506353130226424,0.0487385435748501,0.1005676537699569,0.0410182327572876,0.0682195732744132,0.1205961764472071,0.0621367940793907,0.1266515296071577,0,1,0,0,1,35
0,0.3087532918585987,0.0708915880489535,0.119920324308188,0.0460893073111702,0.0661153960472809,0.1266921860340674,0.0705452683839201,0.1175327945414323,0,1,0,0,1,35
0,0.5662474293866614,0.0364609926824446,0.0455843689533297,0.0239013554813037,0.037262832055895,0.0731112761217739,0.0380043673063124,0.0926210886650339,0,1,0,0,1,35
